filename,xmin,ymin,xmax,ymax,class
A-ima-0001.png,88,78,350,360,A
A-ima-0002.png,138,98,403,395,A
A-ima-0003.png,71,64,375,419,A
A-ima-0004.png,73,64,343,371,A
A-ima-0005.png,135,95,405,394,A
A-ima-0006.png,119,115,378,356,A
A-ima-0007.png,111,105,407,434,A
A-ima-0008.png,115,104,375,396,A
A-ima-0009.png,115,107,395,413,A
A-ima-0010.png,135,95,411,405,A
A-jha-0001.png,173,192,272,331,A
A-jha-0002.png,322,175,430,295,A
A-jha-0003.png,284,155,393,267,A
A-jha-0004.png,114,211,220,330,A
A-jha-0005.png,285,175,394,326,A
A-jha-0006.png,131,211,230,331,A
A-jha-0007.png,320,170,425,316,A
A-jha-0008.png,171,179,253,274,A
A-jha-0009.png,312,165,424,305,A
A-jha-0010.png,220,191,307,321,A
A-jhb-0001.png,218,242,387,436,A
A-jhb-0002.png,222,278,403,479,A
A-jhb-0003.png,247,212,437,431,A
A-jhb-0004.png,219,242,385,431,A
A-jhb-0005.png,205,226,385,427,A
A-jhb-0006.png,222,242,392,431,A
A-jhb-0007.png,219,237,391,444,A
A-jhb-0008.png,219,242,387,436,A
A-jhb-0009.png,228,247,397,431,A
A-jhb-0010.png,204,202,397,388,A
A-jya-0001.png,282,88,427,254,A
A-jya-0002.png,218,67,330,193,A
A-jya-0003.png,164,51,288,196,A
A-jya-0004.png,295,134,444,275,A
A-jya-0005.png,246,56,377,193,A
A-jya-0006.png,288,103,429,228,A
A-jya-0007.png,239,32,362,166,A
A-jya-0008.png,292,114,449,264,A
A-jya-0009.png,181,56,295,190,A
A-jya-0010.png,260,72,388,199,A
A-mka-0001.png,196,268,348,415,A
A-mka-0002.png,172,186,326,347,A
A-mka-0003.png,177,186,326,341,A
A-mka-0004.png,196,268,348,415,A
A-mka-0005.png,182,196,337,357,A
A-mka-0006.png,196,268,344,415,A
A-mka-0007.png,182,186,335,343,A
A-mka-0008.png,199,268,351,412,A
A-mka-0009.png,169,186,326,347,A
A-mka-0010.png,184,206,340,354,A
A-mkb-0001.png,238,232,386,409,A
A-mkb-0002.png,214,232,360,426,A
A-mkb-0003.png,231,247,385,412,A
A-mkb-0004.png,245,242,398,420,A
A-mkb-0005.png,261,201,411,367,A
A-mkb-0006.png,269,222,416,395,A
A-mkb-0007.png,255,212,408,391,A
A-mkb-0008.png,303,237,461,413,A
A-mkb-0009.png,291,247,439,408,A
A-mkb-0010.png,244,242,385,410,A
A-mma-0001.png,146,120,333,347,A
A-mma-0002.png,71,181,255,420,A
A-mma-0003.png,169,170,310,347,A
A-mma-0004.png,153,135,325,333,A
A-mma-0005.png,166,227,312,365,A
A-mma-0006.png,138,114,317,348,A
A-mma-0007.png,155,217,345,441,A
A-mma-0008.png,144,136,335,335,A
A-mma-0009.png,146,222,333,434,A
A-mma-0010.png,134,114,345,312,A
A-mmb-0001.png,122,89,356,348,A
A-mmb-0002.png,141,125,337,335,A
A-mmb-0003.png,143,120,335,318,A
A-mmb-0004.png,107,146,371,416,A
A-mmb-0005.png,91,91,387,381,A
A-mmb-0006.png,134,42,345,344,A
A-mmb-0007.png,94,134,384,400,A
A-mmb-0008.png,141,118,338,376,A
A-mmb-0009.png,71,146,345,409,A
A-mmb-0010.png,99,91,380,384,A
A-mmc-0001.png,155,198,330,433,A
A-mmc-0002.png,119,104,340,384,A
A-mmc-0003.png,165,132,395,421,A
A-mmc-0004.png,273,155,439,342,A
A-mmc-0005.png,127,171,337,411,A
A-mmc-0006.png,145,171,301,353,A
A-mmc-0007.png,285,202,518,445,A
A-mmc-0008.png,274,201,425,352,A
A-mmc-0009.png,80,104,322,402,A
A-mmc-0010.png,76,181,285,414,A
A-mmd-0001.png,173,176,316,382,A
A-mmd-0002.png,231,201,330,336,A
A-mmd-0003.png,83,206,204,391,A
A-mmd-0004.png,127,139,285,342,A
A-mmd-0005.png,146,150,300,369,A
A-mmd-0006.png,159,237,289,421,A
A-mmd-0007.png,214,181,344,367,A
A-mmd-0008.png,156,165,289,337,A
A-mmd-0009.png,247,196,360,334,A
A-mmd-0010.png,164,145,315,336,A
A-msa-0001.png,140,166,333,386,A
A-msa-0002.png,151,165,327,420,A
A-msa-0003.png,146,171,319,420,A
A-msa-0004.png,208,150,402,377,A
A-msa-0005.png,138,191,338,420,A
A-msa-0006.png,185,167,367,384,A
A-msa-0007.png,154,160,331,420,A
A-msa-0008.png,210,150,397,375,A
A-msa-0009.png,146,167,318,420,A
A-msa-0010.png,137,187,340,420,A
A-msb-0001.png,129,145,335,372,A
A-msb-0002.png,136,180,299,391,A
A-msb-0003.png,113,158,320,408,A
A-msb-0004.png,145,185,300,376,A
A-msb-0005.png,186,104,404,337,A
A-msb-0006.png,85,160,285,438,A
A-msb-0007.png,125,135,336,377,A
A-msb-0008.png,179,104,398,327,A
A-msb-0009.png,139,182,297,368,A
A-msb-0010.png,184,103,399,334,A
A-psa-0001.png,107,121,371,374,A
A-psa-0002.png,114,172,365,398,A
A-psa-0003.png,63,75,420,405,A
A-psa-0004.png,106,174,374,430,A
A-psa-0005.png,138,191,340,407,A
A-psa-0006.png,121,233,357,466,A
A-psa-0007.png,75,116,403,436,A
A-psa-0008.png,102,141,377,412,A
A-psa-0009.png,99,77,380,356,A
A-psa-0010.png,94,136,384,411,A
A-rha-0001.png,232,99,484,343,A
A-rha-0002.png,184,104,418,327,A
A-rha-0003.png,227,99,478,345,A
A-rha-0004.png,195,115,475,396,A
A-rha-0005.png,284,124,511,346,A
A-rha-0006.png,212,115,470,374,A
A-rha-0007.png,197,125,442,365,A
A-rha-0008.png,172,104,416,343,A
A-rha-0009.png,287,135,508,345,A
A-rha-0010.png,197,120,476,398,A
A-rsa-0001.png,295,150,464,326,A
A-rsa-0002.png,262,177,522,425,A
A-rsa-0003.png,265,177,542,420,A
A-rsa-0004.png,333,232,508,386,A
A-rsa-0005.png,290,156,469,326,A
A-rsa-0006.png,316,207,509,370,A
A-rsa-0007.png,310,205,498,368,A
A-rsa-0008.png,341,255,514,420,A
A-rsa-0009.png,263,174,525,409,A
A-rsa-0010.png,323,238,507,409,A
A-sta-0001.png,223,150,378,324,A
A-sta-0002.png,260,109,419,294,A
A-sta-0003.png,279,145,413,306,A
A-sta-0004.png,274,186,430,383,A
A-sta-0005.png,333,150,471,353,A
A-sta-0006.png,234,145,385,323,A
A-sta-0007.png,279,181,427,349,A
A-sta-0008.png,342,144,499,347,A
A-sta-0009.png,224,155,380,342,A
A-sta-0010.png,269,181,417,350,A
A-vka-0001.png,183,227,297,355,A
A-vka-0002.png,244,227,374,357,A
A-vka-0003.png,242,226,372,343,A
A-vka-0004.png,148,232,258,364,A
A-vka-0005.png,211,217,338,350,A
A-vka-0006.png,123,234,255,364,A
A-vka-0007.png,231,217,365,342,A
A-vka-0008.png,169,229,291,357,A
A-vka-0009.png,239,217,368,357,A
A-vka-0010.png,215,227,345,355,A
A-vkb-0001.png,162,182,386,391,A
A-vkb-0002.png,142,170,389,399,A
A-vkb-0003.png,113,155,364,388,A
A-vkb-0004.png,200,173,413,366,A
A-vkb-0005.png,120,151,359,381,A
A-vkb-0006.png,111,182,355,407,A
A-vkb-0007.png,183,187,395,387,A
A-vkb-0008.png,162,182,385,390,A
A-vkb-0009.png,196,228,405,393,A
A-vkb-0010.png,119,146,369,368,A
A-xla-0001.png,167,164,331,349,A
A-xla-0002.png,238,156,410,329,A
A-xla-0003.png,239,166,406,338,A
A-xla-0004.png,232,160,393,342,A
A-xla-0005.png,197,121,408,337,A
A-xla-0006.png,243,161,406,332,A
A-xla-0007.png,206,131,416,363,A
A-xla-0008.png,258,131,461,337,A
A-xla-0009.png,249,135,407,306,A
A-xla-0010.png,222,166,400,337,A
A-zba-0001.png,331,166,518,380,A
A-zba-0002.png,331,194,481,355,A
A-zba-0003.png,312,176,497,403,A
A-zba-0004.png,343,201,490,399,A
A-zba-0005.png,328,189,470,368,A
A-zba-0006.png,343,161,530,379,A
A-zba-0007.png,339,197,485,404,A
A-zba-0008.png,337,151,554,384,A
A-zba-0009.png,328,183,464,360,A
A-zba-0010.png,311,176,497,394,A
B-ima-0001.png,117,113,363,400,B
B-ima-0002.png,158,19,495,384,B
B-ima-0003.png,70,2,512,399,B
B-ima-0004.png,20,6,472,439,B
B-ima-0005.png,168,30,506,384,B
B-ima-0006.png,189,56,506,378,B
B-ima-0007.png,157,24,493,384,B
B-ima-0008.png,128,118,369,389,B
B-ima-0009.png,158,16,496,384,B
B-ima-0010.png,109,107,357,375,B
B-jha-0001.png,219,77,420,269,B
B-jha-0002.png,133,149,332,341,B
B-jha-0003.png,146,160,343,357,B
B-jha-0004.png,243,77,440,272,B
B-jha-0005.png,156,133,352,326,B
B-jha-0006.png,239,74,440,268,B
B-jha-0007.png,131,141,333,336,B
B-jha-0008.png,254,71,429,274,B
B-jha-0009.png,130,152,333,341,B
B-jha-0010.png,192,82,392,279,B
B-jhb-0001.png,210,160,411,405,B
B-jhb-0002.png,215,196,415,445,B
B-jhb-0003.png,168,139,376,378,B
B-jhb-0004.png,201,191,412,452,B
B-jhb-0005.png,153,124,364,353,B
B-jhb-0006.png,212,176,434,453,B
B-jhb-0007.png,213,181,441,447,B
B-jhb-0008.png,145,108,359,363,B
B-jhb-0009.png,221,145,450,416,B
B-jhb-0010.png,172,139,383,390,B
B-jya-0001.png,258,45,463,295,B
B-jya-0002.png,287,94,479,305,B
B-jya-0003.png,274,66,457,261,B
B-jya-0004.png,268,32,488,311,B
B-jya-0005.png,261,45,462,268,B
B-jya-0006.png,263,40,478,299,B
B-jya-0007.png,282,66,478,284,B
B-jya-0008.png,287,15,525,285,B
B-jya-0009.png,283,92,469,292,B
B-jya-0010.png,256,51,460,271,B
B-mka-0001.png,164,176,419,416,B
B-mka-0002.png,224,13,498,250,B
B-mka-0003.png,229,24,509,259,B
B-mka-0004.png,113,145,387,399,B
B-mka-0005.png,154,83,461,358,B
B-mka-0006.png,162,173,418,409,B
B-mka-0007.png,245,77,529,321,B
B-mka-0008.png,123,186,453,479,B
B-mka-0009.png,224,5,503,249,B
B-mka-0010.png,176,66,484,342,B
B-mkb-0001.png,238,187,455,447,B
B-mkb-0002.png,210,181,406,442,B
B-mkb-0003.png,225,165,419,410,B
B-mkb-0004.png,222,201,447,468,B
B-mkb-0005.png,226,165,424,420,B
B-mkb-0006.png,210,171,404,431,B
B-mkb-0007.png,242,206,453,460,B
B-mkb-0008.png,237,186,433,430,B
B-mkb-0009.png,213,165,412,405,B
B-mkb-0010.png,247,201,460,461,B
B-mma-0001.png,93,83,454,475,B
B-mma-0002.png,64,85,415,463,B
B-mma-0003.png,51,20,428,415,B
B-mma-0004.png,106,155,372,420,B
B-mma-0005.png,130,186,349,444,B
B-mma-0006.png,76,99,402,457,B
B-mma-0007.png,54,72,424,454,B
B-mma-0008.png,63,94,415,462,B
B-mma-0009.png,96,114,382,425,B
B-mma-0010.png,22,48,457,459,B
B-mmb-0001.png,116,108,369,378,B
B-mmb-0002.png,124,170,354,408,B
B-mmb-0003.png,70,52,409,402,B
B-mmb-0004.png,154,66,413,339,B
B-mmb-0005.png,99,165,379,458,B
B-mmb-0006.png,122,134,357,384,B
B-mmb-0007.png,120,160,358,411,B
B-mmb-0008.png,69,57,410,415,B
B-mmb-0009.png,69,67,410,421,B
B-mmb-0010.png,99,163,380,463,B
B-mmc-0001.png,329,196,557,458,B
B-mmc-0002.png,244,95,573,473,B
B-mmc-0003.png,224,67,522,414,B
B-mmc-0004.png,209,104,499,428,B
B-mmc-0005.png,256,69,566,409,B
B-mmc-0006.png,209,131,523,462,B
B-mmc-0007.png,148,26,501,415,B
B-mmc-0008.png,161,183,406,445,B
B-mmc-0009.png,109,128,387,438,B
B-mmc-0010.png,47,38,338,323,B
B-mmd-0001.png,93,106,361,400,B
B-mmd-0002.png,144,77,409,389,B
B-mmd-0003.png,166,101,401,389,B
B-mmd-0004.png,81,65,358,346,B
B-mmd-0005.png,118,83,394,390,B
B-mmd-0006.png,77,32,359,336,B
B-mmd-0007.png,134,92,399,389,B
B-mmd-0008.png,23,90,315,391,B
B-mmd-0009.png,144,82,413,389,B
B-mmd-0010.png,85,107,358,401,B
B-msa-0001.png,149,67,462,361,B
B-msa-0002.png,122,72,438,383,B
B-msa-0003.png,116,81,401,389,B
B-msa-0004.png,159,56,454,373,B
B-msa-0005.png,156,61,422,388,B
B-msa-0006.png,153,67,469,362,B
B-msa-0007.png,143,77,435,381,B
B-msa-0008.png,176,77,435,374,B
B-msa-0009.png,104,77,383,384,B
B-msa-0010.png,167,66,422,357,B
B-msb-0001.png,197,87,414,330,B
B-msb-0002.png,92,97,349,362,B
B-msb-0003.png,145,92,381,336,B
B-msb-0004.png,126,92,378,348,B
B-msb-0005.png,125,91,380,343,B
B-msb-0006.png,124,92,379,348,B
B-msb-0007.png,109,108,361,369,B
B-msb-0008.png,181,87,411,347,B
B-msb-0009.png,103,82,316,322,B
B-msb-0010.png,136,82,394,342,B
B-psa-0001.png,45,75,340,387,B
B-psa-0002.png,116,51,377,382,B
B-psa-0003.png,112,90,366,398,B
B-psa-0004.png,50,65,338,430,B
B-psa-0005.png,87,56,392,434,B
B-psa-0006.png,115,83,363,431,B
B-psa-0007.png,65,64,413,459,B
B-psa-0008.png,67,80,411,459,B
B-psa-0009.png,62,56,359,391,B
B-psa-0010.png,58,43,320,345,B
B-rha-0001.png,172,14,577,469,B
B-rha-0002.png,166,47,597,469,B
B-rha-0003.png,199,36,586,468,B
B-rha-0004.png,198,36,586,468,B
B-rha-0005.png,148,30,520,432,B
B-rha-0006.png,180,20,614,458,B
B-rha-0007.png,213,31,595,447,B
B-rha-0008.png,146,24,519,437,B
B-rha-0009.png,132,46,512,464,B
B-rha-0010.png,171,31,619,479,B
B-rsa-0001.png,257,88,577,394,B
B-rsa-0002.png,236,104,561,402,B
B-rsa-0003.png,182,36,595,456,B
B-rsa-0004.png,236,156,566,476,B
B-rsa-0005.png,259,83,582,410,B
B-rsa-0006.png,223,150,556,473,B
B-rsa-0007.png,252,83,576,408,B
B-rsa-0008.png,249,155,579,472,B
B-rsa-0009.png,231,136,561,472,B
B-rsa-0010.png,241,105,564,440,B
B-sta-0001.png,269,83,576,431,B
B-sta-0002.png,325,24,608,352,B
B-sta-0003.png,284,57,596,436,B
B-sta-0004.png,315,77,627,431,B
B-sta-0005.png,314,98,574,389,B
B-sta-0006.png,302,62,597,410,B
B-sta-0007.png,318,106,580,415,B
B-sta-0008.png,310,12,625,401,B
B-sta-0009.png,259,67,570,425,B
B-sta-0010.png,279,93,480,383,B
B-vka-0001.png,134,99,444,367,B
B-vka-0002.png,87,128,376,390,B
B-vka-0003.png,139,132,398,395,B
B-vka-0004.png,148,106,438,357,B
B-vka-0005.png,140,93,439,367,B
B-vka-0006.png,133,103,441,384,B
B-vka-0007.png,114,100,400,358,B
B-vka-0008.png,186,108,441,342,B
B-vka-0009.png,97,139,363,381,B
B-vka-0010.png,143,103,454,363,B
B-vkb-0001.png,181,176,405,421,B
B-vkb-0002.png,112,114,432,453,B
B-vkb-0003.png,116,62,468,453,B
B-vkb-0004.png,68,150,318,425,B
B-vkb-0005.png,153,160,372,412,B
B-vkb-0006.png,223,109,514,407,B
B-vkb-0007.png,110,160,339,438,B
B-vkb-0008.png,127,62,467,452,B
B-vkb-0009.png,172,145,399,415,B
B-vkb-0010.png,75,144,331,433,B
B-xla-0001.png,185,124,379,378,B
B-xla-0002.png,328,119,512,336,B
B-xla-0003.png,201,103,409,357,B
B-xla-0004.png,136,92,364,368,B
B-xla-0005.png,174,98,399,363,B
B-xla-0006.png,131,113,370,390,B
B-xla-0007.png,324,124,490,326,B
B-xla-0008.png,192,98,403,363,B
B-xla-0009.png,226,124,409,357,B
B-xla-0010.png,180,108,383,357,B
B-zba-0001.png,314,196,566,479,B
B-zba-0002.png,258,155,543,479,B
B-zba-0003.png,304,166,623,479,B
B-zba-0004.png,258,56,549,399,B
B-zba-0005.png,300,165,521,419,B
B-zba-0006.png,354,165,639,479,B
B-zba-0007.png,269,83,564,425,B
B-zba-0008.png,304,165,548,436,B
B-zba-0009.png,303,165,553,436,B
B-zba-0010.png,263,73,556,425,B
C-ima-0001.png,50,55,250,456,C
C-ima-0002.png,141,21,345,427,C
C-ima-0003.png,126,83,328,477,C
C-ima-0004.png,123,47,353,479,C
C-ima-0005.png,135,20,353,466,C
C-ima-0006.png,84,51,282,450,C
C-ima-0007.png,46,55,252,448,C
C-ima-0008.png,93,25,334,479,C
C-ima-0009.png,141,30,346,454,C
C-ima-0010.png,186,44,376,470,C
C-jha-0001.png,183,139,277,303,C
C-jha-0002.png,188,129,282,305,C
C-jha-0003.png,187,129,276,305,C
C-jha-0004.png,179,144,272,302,C
C-jha-0005.png,195,139,289,297,C
C-jha-0006.png,178,144,277,313,C
C-jha-0007.png,222,126,319,305,C
C-jha-0008.png,191,166,293,326,C
C-jha-0009.png,187,124,277,305,C
C-jha-0010.png,188,139,288,298,C
C-jhb-0001.png,231,181,410,383,C
C-jhb-0002.png,200,176,397,414,C
C-jhb-0003.png,244,195,410,399,C
C-jhb-0004.png,235,181,419,405,C
C-jhb-0005.png,193,181,388,422,C
C-jhb-0006.png,175,150,381,392,C
C-jhb-0007.png,187,181,381,429,C
C-jhb-0008.png,214,191,399,427,C
C-jhb-0009.png,230,181,415,388,C
C-jhb-0010.png,174,145,380,395,C
C-jya-0001.png,318,60,445,226,C
C-jya-0002.png,328,113,422,288,C
C-jya-0003.png,327,129,420,296,C
C-jya-0004.png,276,34,395,209,C
C-jya-0005.png,316,88,407,259,C
C-jya-0006.png,278,59,395,234,C
C-jya-0007.png,329,113,422,274,C
C-jya-0008.png,270,18,379,203,C
C-jya-0009.png,326,123,422,290,C
C-jya-0010.png,318,34,423,198,C
C-mka-0001.png,336,39,450,264,C
C-mka-0002.png,282,165,406,390,C
C-mka-0003.png,285,139,409,378,C
C-mka-0004.png,287,29,403,259,C
C-mka-0005.png,331,26,453,259,C
C-mka-0006.png,308,13,429,241,C
C-mka-0007.png,287,155,415,389,C
C-mka-0008.png,295,73,417,262,C
C-mka-0009.png,283,145,410,370,C
C-mka-0010.png,343,22,460,259,C
C-mkb-0001.png,293,171,460,391,C
C-mkb-0002.png,308,191,482,417,C
C-mkb-0003.png,323,192,498,436,C
C-mkb-0004.png,294,181,459,425,C
C-mkb-0005.png,302,186,466,420,C
C-mkb-0006.png,294,186,463,421,C
C-mkb-0007.png,297,165,441,401,C
C-mkb-0008.png,294,176,459,421,C
C-mkb-0009.png,308,191,483,433,C
C-mkb-0010.png,294,176,459,420,C
C-mma-0001.png,184,108,295,346,C
C-mma-0002.png,151,99,334,396,C
C-mma-0003.png,158,187,262,398,C
C-mma-0004.png,121,93,256,397,C
C-mma-0005.png,180,119,299,384,C
C-mma-0006.png,110,81,253,405,C
C-mma-0007.png,170,124,294,395,C
C-mma-0008.png,192,77,418,415,C
C-mma-0009.png,144,83,311,404,C
C-mma-0010.png,151,129,286,412,C
C-mmb-0001.png,169,88,322,403,C
C-mmb-0002.png,160,67,318,378,C
C-mmb-0003.png,170,118,308,436,C
C-mmb-0004.png,166,83,312,422,C
C-mmb-0005.png,174,66,305,383,C
C-mmb-0006.png,172,62,307,362,C
C-mmb-0007.png,162,73,317,383,C
C-mmb-0008.png,160,73,319,396,C
C-mmb-0009.png,173,83,306,415,C
C-mmb-0010.png,166,83,313,420,C
C-mmc-0001.png,194,78,333,410,C
C-mmc-0002.png,266,68,413,362,C
C-mmc-0003.png,190,124,286,363,C
C-mmc-0004.png,209,73,350,386,C
C-mmc-0005.png,174,149,281,397,C
C-mmc-0006.png,183,73,308,379,C
C-mmc-0007.png,331,107,500,439,C
C-mmc-0008.png,173,99,311,391,C
C-mmc-0009.png,164,48,312,383,C
C-mmc-0010.png,72,59,244,456,C
C-mmd-0001.png,153,144,284,389,C
C-mmd-0002.png,214,145,350,388,C
C-mmd-0003.png,231,145,360,387,C
C-mmd-0004.png,160,134,285,397,C
C-mmd-0005.png,208,165,333,382,C
C-mmd-0006.png,153,139,285,378,C
C-mmd-0007.png,225,122,361,357,C
C-mmd-0008.png,190,119,317,338,C
C-mmd-0009.png,222,154,359,397,C
C-mmd-0010.png,156,139,285,381,C
C-msa-0001.png,189,31,388,421,C
C-msa-0002.png,152,53,347,448,C
C-msa-0003.png,150,57,345,432,C
C-msa-0004.png,231,42,419,396,C
C-msa-0005.png,168,41,370,436,C
C-msa-0006.png,219,36,398,377,C
C-msa-0007.png,158,51,351,448,C
C-msa-0008.png,235,42,427,375,C
C-msa-0009.png,147,51,348,432,C
C-msa-0010.png,167,41,370,436,C
C-msb-0001.png,194,35,368,358,C
C-msb-0002.png,213,74,376,392,C
C-msb-0003.png,194,29,366,368,C
C-msb-0004.png,194,30,371,409,C
C-msb-0005.png,195,30,374,409,C
C-msb-0006.png,200,25,379,409,C
C-msb-0007.png,207,73,373,412,C
C-msb-0008.png,194,25,377,409,C
C-msb-0009.png,203,57,377,415,C
C-msb-0010.png,193,41,365,410,C
C-psa-0001.png,159,125,320,399,C
C-psa-0002.png,160,110,318,360,C
C-psa-0003.png,183,82,406,428,C
C-psa-0004.png,159,85,320,383,C
C-psa-0005.png,143,104,336,404,C
C-psa-0006.png,132,99,346,395,C
C-psa-0007.png,142,130,336,404,C
C-psa-0008.png,112,56,283,358,C
C-psa-0009.png,123,89,355,444,C
C-psa-0010.png,147,62,331,326,C
C-rha-0001.png,229,9,445,420,C
C-rha-0002.png,258,57,501,479,C
C-rha-0003.png,186,53,422,425,C
C-rha-0004.png,270,68,522,479,C
C-rha-0005.png,266,68,499,405,C
C-rha-0006.png,259,63,527,475,C
C-rha-0007.png,249,57,501,479,C
C-rha-0008.png,256,63,502,447,C
C-rha-0009.png,172,58,415,436,C
C-rha-0010.png,184,58,419,431,C
C-rsa-0001.png,290,36,471,399,C
C-rsa-0002.png,355,76,521,415,C
C-rsa-0003.png,210,63,398,453,C
C-rsa-0004.png,348,109,514,410,C
C-rsa-0005.png,255,75,436,446,C
C-rsa-0006.png,215,63,399,464,C
C-rsa-0007.png,356,88,520,421,C
C-rsa-0008.png,272,57,464,452,C
C-rsa-0009.png,215,68,402,417,C
C-rsa-0010.png,354,113,518,410,C
C-sta-0001.png,166,149,255,363,C
C-sta-0002.png,179,181,268,384,C
C-sta-0003.png,185,144,284,384,C
C-sta-0004.png,200,98,299,323,C
C-sta-0005.png,211,144,311,363,C
C-sta-0006.png,187,175,275,368,C
C-sta-0007.png,216,134,322,347,C
C-sta-0008.png,184,169,287,395,C
C-sta-0009.png,157,71,252,311,C
C-sta-0010.png,188,149,281,353,C
C-vka-0001.png,276,115,402,367,C
C-vka-0002.png,346,119,483,415,C
C-vka-0003.png,343,135,482,412,C
C-vka-0004.png,263,119,387,368,C
C-vka-0005.png,331,124,509,388,C
C-vka-0006.png,270,119,401,373,C
C-vka-0007.png,341,130,477,416,C
C-vka-0008.png,260,119,376,368,C
C-vka-0009.png,349,108,480,395,C
C-vka-0010.png,276,114,403,367,C
C-vkb-0001.png,168,106,372,414,C
C-vkb-0002.png,230,115,424,435,C
C-vkb-0003.png,196,89,401,426,C
C-vkb-0004.png,191,89,392,393,C
C-vkb-0005.png,175,90,385,410,C
C-vkb-0006.png,199,84,399,426,C
C-vkb-0007.png,169,104,372,421,C
C-vkb-0008.png,195,84,398,400,C
C-vkb-0009.png,196,89,400,420,C
C-vkb-0010.png,187,120,397,434,C
C-xla-0001.png,294,94,448,394,C
C-xla-0002.png,212,15,443,390,C
C-xla-0003.png,326,63,483,368,C
C-xla-0004.png,243,73,380,347,C
C-xla-0005.png,229,52,370,337,C
C-xla-0006.png,327,46,489,357,C
C-xla-0007.png,211,26,429,390,C
C-xla-0008.png,183,62,332,363,C
C-xla-0009.png,254,70,393,352,C
C-xla-0010.png,326,67,479,373,C
C-zba-0001.png,409,156,521,332,C
C-zba-0002.png,323,40,491,358,C
C-zba-0003.png,377,132,498,389,C
C-zba-0004.png,435,91,568,359,C
C-zba-0005.png,328,18,505,352,C
C-zba-0006.png,380,128,514,415,C
C-zba-0007.png,432,86,570,353,C
C-zba-0008.png,382,121,514,389,C
C-zba-0009.png,401,175,507,383,C
C-zba-0010.png,394,55,538,363,C
D-ima-0001.png,12,53,366,421,D
D-ima-0002.png,182,52,501,421,D
D-ima-0003.png,76,29,437,472,D
D-ima-0004.png,12,65,378,460,D
D-ima-0005.png,137,41,468,413,D
D-ima-0006.png,182,48,500,416,D
D-ima-0007.png,30,49,389,433,D
D-ima-0008.png,27,50,390,433,D
D-ima-0009.png,142,41,469,420,D
D-ima-0010.png,91,62,452,479,D
D-jha-0001.png,187,129,324,305,D
D-jha-0002.png,193,149,329,300,D
D-jha-0003.png,185,139,324,305,D
D-jha-0004.png,193,130,329,295,D
D-jha-0005.png,190,139,329,300,D
D-jha-0006.png,183,129,319,305,D
D-jha-0007.png,191,139,324,300,D
D-jha-0008.png,194,129,334,295,D
D-jha-0009.png,195,144,329,305,D
D-jha-0010.png,188,129,324,305,D
D-jhb-0001.png,138,100,393,353,D
D-jhb-0002.png,228,145,463,396,D
D-jhb-0003.png,232,140,477,397,D
D-jhb-0004.png,205,109,439,373,D
D-jhb-0005.png,221,150,447,402,D
D-jhb-0006.png,125,83,398,363,D
D-jhb-0007.png,231,140,479,404,D
D-jhb-0008.png,138,100,393,353,D
D-jhb-0009.png,260,150,505,412,D
D-jhb-0010.png,125,78,398,348,D
D-jya-0001.png,330,130,504,336,D
D-jya-0002.png,287,72,455,273,D
D-jya-0003.png,283,120,440,313,D
D-jya-0004.png,331,134,504,338,D
D-jya-0005.png,295,82,472,295,D
D-jya-0006.png,333,134,504,333,D
D-jya-0007.png,287,77,461,281,D
D-jya-0008.png,319,141,467,332,D
D-jya-0009.png,266,61,445,261,D
D-jya-0010.png,307,92,477,281,D
D-mka-0001.png,244,124,458,362,D
D-mka-0002.png,313,66,545,332,D
D-mka-0003.png,319,76,561,341,D
D-mka-0004.png,279,134,513,362,D
D-mka-0005.png,263,109,477,344,D
D-mka-0006.png,264,129,476,361,D
D-mka-0007.png,287,87,513,341,D
D-mka-0008.png,280,165,451,378,D
D-mka-0009.png,317,66,550,332,D
D-mka-0010.png,235,124,438,362,D
D-mkb-0001.png,317,155,554,399,D
D-mkb-0002.png,331,119,571,373,D
D-mkb-0003.png,318,155,582,412,D
D-mkb-0004.png,331,129,574,378,D
D-mkb-0005.png,330,124,571,373,D
D-mkb-0006.png,318,155,587,408,D
D-mkb-0007.png,331,124,574,373,D
D-mkb-0008.png,334,128,576,373,D
D-mkb-0009.png,326,117,573,362,D
D-mkb-0010.png,335,129,572,365,D
D-mma-0001.png,105,97,374,373,D
D-mma-0002.png,75,47,403,400,D
D-mma-0003.png,125,124,353,378,D
D-mma-0004.png,98,140,404,451,D
D-mma-0005.png,93,80,385,379,D
D-mma-0006.png,198,108,435,383,D
D-mma-0007.png,100,67,379,368,D
D-mma-0008.png,84,31,394,367,D
D-mma-0009.png,99,160,371,458,D
D-mma-0010.png,95,81,384,394,D
D-mmb-0001.png,135,170,343,413,D
D-mmb-0002.png,136,156,342,405,D
D-mmb-0003.png,127,99,352,379,D
D-mmb-0004.png,102,134,357,444,D
D-mmb-0005.png,143,124,336,367,D
D-mmb-0006.png,112,93,367,400,D
D-mmb-0007.png,128,98,350,363,D
D-mmb-0008.png,139,114,340,351,D
D-mmb-0009.png,141,129,337,367,D
D-mmb-0010.png,151,153,354,371,D
D-mmc-0001.png,216,58,498,399,D
D-mmc-0002.png,265,72,581,420,D
D-mmc-0003.png,94,50,385,395,D
D-mmc-0004.png,133,134,365,396,D
D-mmc-0005.png,154,36,500,386,D
D-mmc-0006.png,139,124,373,400,D
D-mmc-0007.png,316,104,571,396,D
D-mmc-0008.png,276,113,521,365,D
D-mmc-0009.png,201,111,509,436,D
D-mmc-0010.png,148,67,468,406,D
D-mmd-0001.png,144,77,426,367,D
D-mmd-0002.png,185,83,455,410,D
D-mmd-0003.png,191,89,452,410,D
D-mmd-0004.png,235,93,501,410,D
D-mmd-0005.png,159,72,440,400,D
D-mmd-0006.png,197,88,465,426,D
D-mmd-0007.png,179,82,455,405,D
D-mmd-0008.png,234,72,490,358,D
D-mmd-0009.png,185,83,455,410,D
D-mmd-0010.png,154,72,432,400,D
D-msa-0001.png,209,31,522,415,D
D-msa-0002.png,168,41,493,427,D
D-msa-0003.png,144,46,466,443,D
D-msa-0004.png,241,20,525,388,D
D-msa-0005.png,204,36,517,410,D
D-msa-0006.png,231,36,527,378,D
D-msa-0007.png,168,41,495,426,D
D-msa-0008.png,241,20,525,388,D
D-msa-0009.png,143,51,466,438,D
D-msa-0010.png,209,31,520,415,D
D-msb-0001.png,170,45,470,404,D
D-msb-0002.png,219,46,512,415,D
D-msb-0003.png,192,72,463,390,D
D-msb-0004.png,184,26,490,375,D
D-msb-0005.png,183,53,478,409,D
D-msb-0006.png,215,30,524,392,D
D-msb-0007.png,181,77,464,391,D
D-msb-0008.png,226,20,530,359,D
D-msb-0009.png,198,72,485,389,D
D-msb-0010.png,177,51,484,396,D
D-psa-0001.png,82,83,397,426,D
D-psa-0002.png,38,61,379,412,D
D-psa-0003.png,24,123,285,431,D
D-psa-0004.png,105,119,377,424,D
D-psa-0005.png,36,77,361,396,D
D-psa-0006.png,118,152,344,396,D
D-psa-0007.png,23,98,347,408,D
D-psa-0008.png,106,187,335,434,D
D-psa-0009.png,37,79,344,430,D
D-psa-0010.png,62,68,417,444,D
D-rha-0001.png,203,102,517,415,D
D-rha-0002.png,209,95,518,406,D
D-rha-0003.png,182,52,565,415,D
D-rha-0004.png,208,94,523,431,D
D-rha-0005.png,215,95,521,437,D
D-rha-0006.png,164,84,542,437,D
D-rha-0007.png,176,47,559,408,D
D-rha-0008.png,152,68,549,426,D
D-rha-0009.png,209,104,519,447,D
D-rha-0010.png,220,94,526,431,D
D-rsa-0001.png,215,94,490,416,D
D-rsa-0002.png,228,31,559,417,D
D-rsa-0003.png,354,150,591,394,D
D-rsa-0004.png,247,99,505,394,D
D-rsa-0005.png,270,101,516,383,D
D-rsa-0006.png,197,101,524,471,D
D-rsa-0007.png,251,106,502,365,D
D-rsa-0008.png,329,148,574,390,D
D-rsa-0009.png,245,105,503,369,D
D-rsa-0010.png,355,155,586,394,D
D-sta-0001.png,189,160,331,368,D
D-sta-0002.png,139,170,289,406,D
D-sta-0003.png,121,91,307,373,D
D-sta-0004.png,138,143,306,411,D
D-sta-0005.png,109,86,304,369,D
D-sta-0006.png,141,144,316,416,D
D-sta-0007.png,81,81,263,317,D
D-sta-0008.png,129,144,306,421,D
D-sta-0009.png,141,144,314,416,D
D-sta-0010.png,103,173,272,386,D
D-vka-0001.png,304,119,524,362,D
D-vka-0002.png,315,83,545,352,D
D-vka-0003.png,303,88,527,344,D
D-vka-0004.png,324,102,530,365,D
D-vka-0005.png,317,88,549,347,D
D-vka-0006.png,307,111,529,367,D
D-vka-0007.png,320,83,557,353,D
D-vka-0008.png,328,119,544,359,D
D-vka-0009.png,303,85,531,357,D
D-vka-0010.png,310,86,541,378,D
D-vkb-0001.png,187,88,429,378,D
D-vkb-0002.png,158,78,440,361,D
D-vkb-0003.png,199,109,462,375,D
D-vkb-0004.png,166,115,462,433,D
D-vkb-0005.png,223,79,470,334,D
D-vkb-0006.png,216,99,533,434,D
D-vkb-0007.png,159,69,442,373,D
D-vkb-0008.png,187,93,429,378,D
D-vkb-0009.png,171,115,463,431,D
D-vkb-0010.png,143,93,424,384,D
D-xla-0001.png,307,130,531,369,D
D-xla-0002.png,240,25,518,352,D
D-xla-0003.png,313,114,545,373,D
D-xla-0004.png,300,89,565,383,D
D-xla-0005.png,202,136,438,426,D
D-xla-0006.png,296,110,554,388,D
D-xla-0007.png,311,171,537,436,D
D-xla-0008.png,240,26,518,368,D
D-xla-0009.png,305,94,567,394,D
D-xla-0010.png,197,135,441,421,D
D-zba-0001.png,294,157,503,415,D
D-zba-0002.png,376,155,526,373,D
D-zba-0003.png,329,103,524,373,D
D-zba-0004.png,225,191,420,479,D
D-zba-0005.png,268,157,484,452,D
D-zba-0006.png,365,155,532,389,D
D-zba-0007.png,362,129,527,347,D
D-zba-0008.png,327,187,492,442,D
D-zba-0009.png,372,149,528,357,D
D-zba-0010.png,331,109,519,373,D
E-ima-0001.png,65,21,332,479,E
E-ima-0002.png,87,55,360,479,E
E-ima-0003.png,58,40,323,479,E
E-ima-0004.png,246,91,446,479,E
E-ima-0005.png,48,32,332,479,E
E-ima-0006.png,76,114,354,479,E
E-ima-0007.png,246,80,444,479,E
E-ima-0008.png,94,61,349,479,E
E-ima-0009.png,71,52,328,479,E
E-ima-0010.png,78,8,339,479,E
E-jha-0001.png,243,124,325,262,E
E-jha-0002.png,235,130,315,300,E
E-jha-0003.png,222,134,305,286,E
E-jha-0004.png,182,127,261,291,E
E-jha-0005.png,281,124,367,288,E
E-jha-0006.png,186,118,269,281,E
E-jha-0007.png,272,118,359,285,E
E-jha-0008.png,158,138,249,321,E
E-jha-0009.png,226,134,307,300,E
E-jha-0010.png,258,129,352,281,E
E-jhb-0001.png,255,165,404,354,E
E-jhb-0002.png,199,129,380,362,E
E-jhb-0003.png,274,143,446,367,E
E-jhb-0004.png,256,165,415,405,E
E-jhb-0005.png,201,132,379,339,E
E-jhb-0006.png,224,119,400,354,E
E-jhb-0007.png,265,165,422,362,E
E-jhb-0008.png,309,181,470,411,E
E-jhb-0009.png,263,134,439,366,E
E-jhb-0010.png,241,160,399,361,E
E-jya-0001.png,302,125,406,337,E
E-jya-0002.png,337,124,458,326,E
E-jya-0003.png,373,129,466,335,E
E-jya-0004.png,274,145,365,313,E
E-jya-0005.png,325,134,422,341,E
E-jya-0006.png,288,144,390,341,E
E-jya-0007.png,342,129,465,334,E
E-jya-0008.png,247,145,334,313,E
E-jya-0009.png,352,124,448,335,E
E-jya-0010.png,310,134,407,341,E
E-mka-0001.png,270,68,405,309,E
E-mka-0002.png,237,82,369,295,E
E-mka-0003.png,238,88,383,341,E
E-mka-0004.png,329,87,493,353,E
E-mka-0005.png,252,82,384,311,E
E-mka-0006.png,280,82,424,342,E
E-mka-0007.png,245,78,383,331,E
E-mka-0008.png,329,71,506,348,E
E-mka-0009.png,228,88,373,347,E
E-mka-0010.png,261,83,394,331,E
E-mkb-0001.png,358,103,553,368,E
E-mkb-0002.png,346,71,554,326,E
E-mkb-0003.png,373,87,561,332,E
E-mkb-0004.png,368,92,563,373,E
E-mkb-0005.png,342,56,534,310,E
E-mkb-0006.png,346,58,548,331,E
E-mkb-0007.png,349,98,544,373,E
E-mkb-0008.png,350,103,547,373,E
E-mkb-0009.png,341,72,564,352,E
E-mkb-0010.png,333,51,533,347,E
E-mma-0001.png,140,69,277,346,E
E-mma-0002.png,168,74,310,380,E
E-mma-0003.png,142,44,290,376,E
E-mma-0004.png,170,56,309,321,E
E-mma-0005.png,162,68,317,439,E
E-mma-0006.png,159,79,319,441,E
E-mma-0007.png,81,139,254,412,E
E-mma-0008.png,129,64,292,416,E
E-mma-0009.png,163,62,316,398,E
E-mma-0010.png,190,232,288,451,E
E-mmb-0001.png,161,98,318,382,E
E-mmb-0002.png,158,83,321,442,E
E-mmb-0003.png,157,62,321,420,E
E-mmb-0004.png,164,94,315,425,E
E-mmb-0005.png,157,41,321,374,E
E-mmb-0006.png,156,110,322,452,E
E-mmb-0007.png,155,81,320,479,E
E-mmb-0008.png,28,84,283,439,E
E-mmb-0009.png,164,89,315,425,E
E-mmb-0010.png,210,99,397,427,E
E-mmc-0001.png,274,82,442,410,E
E-mmc-0002.png,270,26,492,398,E
E-mmc-0003.png,318,63,519,441,E
E-mmc-0004.png,153,149,277,389,E
E-mmc-0005.png,166,137,301,410,E
E-mmc-0006.png,290,109,444,412,E
E-mmc-0007.png,297,57,477,388,E
E-mmc-0008.png,294,140,443,415,E
E-mmc-0009.png,269,84,446,469,E
E-mmc-0010.png,271,176,376,436,E
E-mmd-0001.png,186,97,313,372,E
E-mmd-0002.png,172,56,338,409,E
E-mmd-0003.png,174,82,338,438,E
E-mmd-0004.png,206,97,345,421,E
E-mmd-0005.png,123,97,267,449,E
E-mmd-0006.png,189,97,327,421,E
E-mmd-0007.png,104,85,258,460,E
E-mmd-0008.png,232,93,372,410,E
E-mmd-0009.png,173,61,344,438,E
E-mmd-0010.png,162,110,298,381,E
E-msa-0001.png,395,12,588,420,E
E-msa-0002.png,413,16,605,410,E
E-msa-0003.png,416,16,609,415,E
E-msa-0004.png,339,8,571,407,E
E-msa-0005.png,365,53,534,388,E
E-msa-0006.png,355,2,579,415,E
E-msa-0007.png,386,1,575,384,E
E-msa-0008.png,315,26,468,355,E
E-msa-0009.png,415,16,610,415,E
E-msa-0010.png,336,119,502,447,E
E-msb-0001.png,244,25,420,436,E
E-msb-0002.png,243,49,414,418,E
E-msb-0003.png,249,20,429,436,E
E-msb-0004.png,253,25,430,420,E
E-msb-0005.png,244,25,427,441,E
E-msb-0006.png,247,25,440,458,E
E-msb-0007.png,244,37,426,463,E
E-msb-0008.png,245,46,420,431,E
E-msb-0009.png,245,30,429,420,E
E-msb-0010.png,219,22,427,447,E
E-psa-0001.png,178,201,306,429,E
E-psa-0002.png,140,109,339,426,E
E-psa-0003.png,60,98,230,403,E
E-psa-0004.png,138,90,341,431,E
E-psa-0005.png,154,94,325,416,E
E-psa-0006.png,144,153,334,445,E
E-psa-0007.png,160,171,319,439,E
E-psa-0008.png,113,35,352,453,E
E-psa-0009.png,151,88,327,448,E
E-psa-0010.png,63,34,325,431,E
E-rha-0001.png,143,45,338,411,E
E-rha-0002.png,329,93,544,468,E
E-rha-0003.png,235,88,440,452,E
E-rha-0004.png,165,53,358,432,E
E-rha-0005.png,230,57,417,420,E
E-rha-0006.png,333,88,543,463,E
E-rha-0007.png,247,84,444,447,E
E-rha-0008.png,252,88,459,436,E
E-rha-0009.png,333,93,544,463,E
E-rha-0010.png,226,62,407,415,E
E-rsa-0001.png,365,177,490,410,E
E-rsa-0002.png,328,155,460,407,E
E-rsa-0003.png,314,160,448,408,E
E-rsa-0004.png,298,140,435,403,E
E-rsa-0005.png,231,46,405,432,E
E-rsa-0006.png,331,145,462,415,E
E-rsa-0007.png,326,155,460,415,E
E-rsa-0008.png,342,170,464,406,E
E-rsa-0009.png,327,150,461,415,E
E-rsa-0010.png,294,140,431,401,E
E-sta-0001.png,223,102,323,331,E
E-sta-0002.png,185,96,277,264,E
E-sta-0003.png,195,148,298,374,E
E-sta-0004.png,231,134,349,399,E
E-sta-0005.png,279,150,379,383,E
E-sta-0006.png,180,102,274,264,E
E-sta-0007.png,228,103,325,326,E
E-sta-0008.png,146,133,253,380,E
E-sta-0009.png,255,196,355,442,E
E-sta-0010.png,277,150,382,378,E
E-vka-0001.png,214,155,318,366,E
E-vka-0002.png,181,180,279,378,E
E-vka-0003.png,132,210,244,421,E
E-vka-0004.png,235,155,359,399,E
E-vka-0005.png,208,160,304,383,E
E-vka-0006.png,215,155,323,359,E
E-vka-0007.png,202,162,302,383,E
E-vka-0008.png,221,144,330,352,E
E-vka-0009.png,143,201,247,396,E
E-vka-0010.png,214,150,311,363,E
E-vkb-0001.png,324,42,479,394,E
E-vkb-0002.png,199,40,444,442,E
E-vkb-0003.png,318,47,519,452,E
E-vkb-0004.png,331,93,538,463,E
E-vkb-0005.png,194,78,392,454,E
E-vkb-0006.png,318,59,531,434,E
E-vkb-0007.png,343,68,533,418,E
E-vkb-0008.png,311,94,514,406,E
E-vkb-0009.png,315,79,514,468,E
E-vkb-0010.png,330,94,543,463,E
E-xla-0001.png,296,109,482,425,E
E-xla-0002.png,300,102,493,447,E
E-xla-0003.png,288,125,451,479,E
E-xla-0004.png,269,59,490,436,E
E-xla-0005.png,323,115,514,452,E
E-xla-0006.png,324,115,520,452,E
E-xla-0007.png,268,72,483,436,E
E-xla-0008.png,283,135,452,474,E
E-xla-0009.png,257,68,461,399,E
E-xla-0010.png,407,135,575,442,E
E-zba-0001.png,297,165,431,410,E
E-zba-0002.png,405,108,554,395,E
E-zba-0003.png,386,208,503,426,E
E-zba-0004.png,406,123,550,400,E
E-zba-0005.png,457,101,602,396,E
E-zba-0006.png,428,170,572,417,E
E-zba-0007.png,403,139,531,389,E
E-zba-0008.png,457,118,604,406,E
E-zba-0009.png,392,216,504,426,E
E-zba-0010.png,483,107,628,412,E
F-ima-0001.png,128,73,363,479,F
F-ima-0002.png,267,10,566,479,F
F-ima-0003.png,88,55,333,479,F
F-ima-0004.png,63,44,298,479,F
F-ima-0005.png,200,67,472,479,F
F-ima-0006.png,57,44,301,479,F
F-ima-0007.png,137,73,401,479,F
F-ima-0008.png,91,7,472,479,F
F-ima-0009.png,96,61,333,479,F
F-ima-0010.png,273,10,569,479,F
F-jha-0001.png,249,124,325,268,F
F-jha-0002.png,301,118,387,300,F
F-jha-0003.png,343,123,430,285,F
F-jha-0004.png,243,113,326,279,F
F-jha-0005.png,275,123,352,295,F
F-jha-0006.png,248,116,330,264,F
F-jha-0007.png,283,129,366,300,F
F-jha-0008.png,229,123,316,273,F
F-jha-0009.png,322,113,408,261,F
F-jha-0010.png,260,123,336,266,F
F-jhb-0001.png,333,173,489,453,F
F-jhb-0002.png,171,134,325,384,F
F-jhb-0003.png,271,206,435,463,F
F-jhb-0004.png,314,176,480,427,F
F-jhb-0005.png,244,135,414,431,F
F-jhb-0006.png,272,196,439,465,F
F-jhb-0007.png,192,136,366,388,F
F-jhb-0008.png,333,181,498,458,F
F-jhb-0009.png,215,174,382,415,F
F-jhb-0010.png,314,176,477,420,F
F-jya-0001.png,322,129,421,338,F
F-jya-0002.png,390,133,527,337,F
F-jya-0003.png,347,113,470,324,F
F-jya-0004.png,366,118,469,305,F
F-jya-0005.png,381,128,497,335,F
F-jya-0006.png,363,120,466,337,F
F-jya-0007.png,390,133,530,336,F
F-jya-0008.png,384,128,479,342,F
F-jya-0009.png,368,123,486,323,F
F-jya-0010.png,327,129,416,339,F
F-mka-0001.png,282,77,424,342,F
F-mka-0002.png,335,49,522,320,F
F-mka-0003.png,275,61,424,322,F
F-mka-0004.png,274,77,402,334,F
F-mka-0005.png,285,79,449,347,F
F-mka-0006.png,279,72,423,334,F
F-mka-0007.png,317,66,486,332,F
F-mka-0008.png,259,72,399,326,F
F-mka-0009.png,304,45,462,316,F
F-mka-0010.png,285,82,440,347,F
F-mkb-0001.png,382,134,553,373,F
F-mkb-0002.png,370,124,563,347,F
F-mkb-0003.png,378,149,553,373,F
F-mkb-0004.png,378,144,550,373,F
F-mkb-0005.png,330,120,531,389,F
F-mkb-0006.png,375,127,566,347,F
F-mkb-0007.png,375,124,571,341,F
F-mkb-0008.png,386,144,563,368,F
F-mkb-0009.png,384,147,557,357,F
F-mkb-0010.png,383,124,557,373,F
F-mma-0001.png,173,176,306,423,F
F-mma-0002.png,114,133,253,395,F
F-mma-0003.png,176,112,380,404,F
F-mma-0004.png,244,119,384,405,F
F-mma-0005.png,132,73,346,430,F
F-mma-0006.png,133,62,346,420,F
F-mma-0007.png,137,44,341,452,F
F-mma-0008.png,182,211,296,436,F
F-mma-0009.png,281,162,401,412,F
F-mma-0010.png,122,64,306,410,F
F-mmb-0001.png,162,56,317,368,F
F-mmb-0002.png,191,202,307,411,F
F-mmb-0003.png,165,133,314,420,F
F-mmb-0004.png,183,114,356,398,F
F-mmb-0005.png,171,183,307,429,F
F-mmb-0006.png,144,46,335,388,F
F-mmb-0007.png,153,62,326,394,F
F-mmb-0008.png,146,62,332,388,F
F-mmb-0009.png,161,148,317,442,F
F-mmb-0010.png,145,93,334,395,F
F-mmc-0001.png,62,114,237,445,F
F-mmc-0002.png,337,62,516,442,F
F-mmc-0003.png,281,38,448,381,F
F-mmc-0004.png,230,105,381,368,F
F-mmc-0005.png,71,45,311,470,F
F-mmc-0006.png,170,119,317,417,F
F-mmc-0007.png,128,51,395,479,F
F-mmc-0008.png,202,145,344,426,F
F-mmc-0009.png,53,54,289,433,F
F-mmc-0010.png,81,87,296,472,F
F-mmd-0001.png,227,109,375,426,F
F-mmd-0002.png,216,54,394,415,F
F-mmd-0003.png,172,51,363,327,F
F-mmd-0004.png,144,104,328,479,F
F-mmd-0005.png,122,86,293,438,F
F-mmd-0006.png,208,93,372,415,F
F-mmd-0007.png,196,67,361,391,F
F-mmd-0008.png,34,92,257,479,F
F-mmd-0009.png,158,27,353,365,F
F-mmd-0010.png,178,108,342,416,F
F-msa-0001.png,313,24,520,378,F
F-msa-0002.png,300,94,496,431,F
F-msa-0003.png,280,47,511,415,F
F-msa-0004.png,294,41,471,378,F
F-msa-0005.png,408,13,637,384,F
F-msa-0006.png,313,25,520,363,F
F-msa-0007.png,368,17,597,396,F
F-msa-0008.png,298,41,474,360,F
F-msa-0009.png,307,88,502,431,F
F-msa-0010.png,317,2,589,410,F
F-msb-0001.png,203,25,427,457,F
F-msb-0002.png,203,41,426,457,F
F-msb-0003.png,214,51,428,457,F
F-msb-0004.png,229,41,440,457,F
F-msb-0005.png,218,30,428,457,F
F-msb-0006.png,213,14,432,446,F
F-msb-0007.png,213,19,425,457,F
F-msb-0008.png,210,51,428,431,F
F-msb-0009.png,221,46,434,457,F
F-msb-0010.png,207,41,430,457,F
F-psa-0001.png,64,96,249,465,F
F-psa-0002.png,78,87,316,447,F
F-psa-0003.png,85,75,274,453,F
F-psa-0004.png,127,134,299,452,F
F-psa-0005.png,74,91,261,465,F
F-psa-0006.png,65,108,302,434,F
F-psa-0007.png,39,101,255,468,F
F-psa-0008.png,117,107,281,395,F
F-psa-0009.png,141,181,279,460,F
F-psa-0010.png,20,206,177,472,F
F-rha-0001.png,278,46,497,452,F
F-rha-0002.png,357,113,538,474,F
F-rha-0003.png,311,106,521,474,F
F-rha-0004.png,230,77,430,442,F
F-rha-0005.png,309,93,486,441,F
F-rha-0006.png,279,57,492,457,F
F-rha-0007.png,321,82,532,473,F
F-rha-0008.png,321,82,520,473,F
F-rha-0009.png,265,41,462,388,F
F-rha-0010.png,151,17,366,390,F
F-rsa-0001.png,295,145,418,409,F
F-rsa-0002.png,284,145,427,431,F
F-rsa-0003.png,270,160,400,463,F
F-rsa-0004.png,291,140,420,420,F
F-rsa-0005.png,284,150,420,436,F
F-rsa-0006.png,287,150,427,405,F
F-rsa-0007.png,301,165,423,447,F
F-rsa-0008.png,298,150,436,447,F
F-rsa-0009.png,368,165,492,436,F
F-rsa-0010.png,280,145,418,436,F
F-sta-0001.png,201,118,322,321,F
F-sta-0002.png,156,137,287,379,F
F-sta-0003.png,159,113,290,316,F
F-sta-0004.png,106,73,249,315,F
F-sta-0005.png,178,149,302,332,F
F-sta-0006.png,171,165,292,327,F
F-sta-0007.png,165,198,287,426,F
F-sta-0008.png,153,80,282,322,F
F-sta-0009.png,70,64,229,307,F
F-sta-0010.png,192,175,309,394,F
F-vka-0001.png,233,114,367,357,F
F-vka-0002.png,305,79,433,326,F
F-vka-0003.png,278,109,405,367,F
F-vka-0004.png,179,170,307,399,F
F-vka-0005.png,306,67,437,321,F
F-vka-0006.png,204,135,328,373,F
F-vka-0007.png,310,67,439,331,F
F-vka-0008.png,167,185,277,375,F
F-vka-0009.png,261,114,402,331,F
F-vka-0010.png,320,56,462,331,F
F-vkb-0001.png,317,88,508,447,F
F-vkb-0002.png,327,79,534,458,F
F-vkb-0003.png,328,78,600,422,F
F-vkb-0004.png,306,89,504,431,F
F-vkb-0005.png,313,97,522,452,F
F-vkb-0006.png,306,62,485,396,F
F-vkb-0007.png,317,93,542,439,F
F-vkb-0008.png,307,73,517,436,F
F-vkb-0009.png,288,100,500,426,F
F-vkb-0010.png,315,103,535,452,F
F-xla-0001.png,350,176,488,452,F
F-xla-0002.png,301,158,460,479,F
F-xla-0003.png,332,145,480,436,F
F-xla-0004.png,306,130,479,457,F
F-xla-0005.png,320,150,490,436,F
F-xla-0006.png,321,78,466,388,F
F-xla-0007.png,307,130,472,452,F
F-xla-0008.png,327,150,491,436,F
F-xla-0009.png,301,161,454,479,F
F-xla-0010.png,323,104,496,441,F
F-zba-0001.png,372,149,496,405,F
F-zba-0002.png,363,247,483,479,F
F-zba-0003.png,410,165,516,384,F
F-zba-0004.png,372,160,513,420,F
F-zba-0005.png,438,165,557,422,F
F-zba-0006.png,403,180,538,448,F
F-zba-0007.png,447,170,561,411,F
F-zba-0008.png,342,192,472,442,F
F-zba-0009.png,356,196,496,463,F
F-zba-0010.png,367,144,491,405,F
H-ima-0001.png,156,22,417,417,H
H-ima-0002.png,185,68,429,479,H
H-ima-0003.png,163,15,428,429,H
H-ima-0004.png,158,68,437,468,H
H-ima-0005.png,177,73,484,479,H
H-ima-0006.png,142,21,410,452,H
H-ima-0007.png,184,34,434,440,H
H-ima-0008.png,189,50,433,454,H
H-ima-0009.png,174,63,448,469,H
H-ima-0010.png,175,20,441,422,H
H-jha-0001.png,284,113,397,279,H
H-jha-0002.png,373,63,498,238,H
H-jha-0003.png,359,64,482,238,H
H-jha-0004.png,303,123,413,285,H
H-jha-0005.png,418,45,543,192,H
H-jha-0006.png,300,118,414,279,H
H-jha-0007.png,381,66,502,233,H
H-jha-0008.png,311,123,426,290,H
H-jha-0009.png,366,69,488,238,H
H-jha-0010.png,418,50,543,197,H
H-jhb-0001.png,258,140,425,404,H
H-jhb-0002.png,312,176,458,420,H
H-jhb-0003.png,214,130,405,374,H
H-jhb-0004.png,305,155,469,415,H
H-jhb-0005.png,266,145,448,425,H
H-jhb-0006.png,287,176,432,425,H
H-jhb-0007.png,353,196,504,437,H
H-jhb-0008.png,211,135,402,425,H
H-jhb-0009.png,275,155,435,376,H
H-jhb-0010.png,265,135,441,361,H
H-jya-0001.png,309,86,442,280,H
H-jya-0002.png,338,91,465,244,H
H-jya-0003.png,359,133,481,316,H
H-jya-0004.png,357,92,520,290,H
H-jya-0005.png,277,56,395,259,H
H-jya-0006.png,345,91,479,285,H
H-jya-0007.png,324,61,437,254,H
H-jya-0008.png,363,106,512,294,H
H-jya-0009.png,358,128,479,312,H
H-jya-0010.png,277,66,395,265,H
H-mka-0001.png,283,102,469,352,H
H-mka-0002.png,263,113,440,357,H
H-mka-0003.png,307,104,497,336,H
H-mka-0004.png,261,97,442,342,H
H-mka-0005.png,222,71,407,331,H
H-mka-0006.png,291,112,476,357,H
H-mka-0007.png,220,73,402,329,H
H-mka-0008.png,254,102,450,352,H
H-mka-0009.png,279,105,468,339,H
H-mka-0010.png,268,86,451,320,H
H-mkb-0001.png,350,135,568,362,H
H-mkb-0002.png,411,148,626,379,H
H-mkb-0003.png,344,144,560,379,H
H-mkb-0004.png,374,138,580,368,H
H-mkb-0005.png,423,145,635,374,H
H-mkb-0006.png,421,155,626,374,H
H-mkb-0007.png,348,144,562,378,H
H-mkb-0008.png,353,130,570,368,H
H-mkb-0009.png,343,144,557,378,H
H-mkb-0010.png,339,114,554,342,H
H-mma-0001.png,164,132,315,387,H
H-mma-0002.png,152,87,382,409,H
H-mma-0003.png,161,150,317,389,H
H-mma-0004.png,137,47,341,400,H
H-mma-0005.png,140,57,338,379,H
H-mma-0006.png,138,110,341,434,H
H-mma-0007.png,155,109,324,404,H
H-mma-0008.png,166,171,312,401,H
H-mma-0009.png,156,100,323,388,H
H-mma-0010.png,132,115,346,454,H
H-mmb-0001.png,152,150,327,417,H
H-mmb-0002.png,110,68,299,378,H
H-mmb-0003.png,153,140,325,409,H
H-mmb-0004.png,79,82,274,422,H
H-mmb-0005.png,111,20,367,316,H
H-mmb-0006.png,146,67,333,317,H
H-mmb-0007.png,97,36,374,359,H
H-mmb-0008.png,100,73,294,417,H
H-mmb-0009.png,68,82,260,361,H
H-mmb-0010.png,99,14,380,331,H
H-mmc-0001.png,249,137,415,441,H
H-mmc-0002.png,198,125,379,458,H
H-mmc-0003.png,243,136,401,405,H
H-mmc-0004.png,196,151,409,479,H
H-mmc-0005.png,126,83,307,385,H
H-mmc-0006.png,159,93,388,402,H
H-mmc-0007.png,273,176,416,425,H
H-mmc-0008.png,188,211,329,448,H
H-mmc-0009.png,164,98,318,327,H
H-mmc-0010.png,186,86,341,368,H
H-mmd-0001.png,262,150,372,404,H
H-mmd-0002.png,244,140,433,373,H
H-mmd-0003.png,182,145,357,418,H
H-mmd-0004.png,233,150,387,409,H
H-mmd-0005.png,199,129,363,399,H
H-mmd-0006.png,260,155,374,410,H
H-mmd-0007.png,235,129,403,420,H
H-mmd-0008.png,161,114,389,387,H
H-mmd-0009.png,161,138,361,408,H
H-mmd-0010.png,247,134,362,404,H
H-msa-0001.png,313,67,459,342,H
H-msa-0002.png,328,67,475,342,H
H-msa-0003.png,338,83,493,388,H
H-msa-0004.png,296,67,455,357,H
H-msa-0005.png,329,61,477,347,H
H-msa-0006.png,298,65,457,347,H
H-msa-0007.png,329,61,475,352,H
H-msa-0008.png,286,72,435,342,H
H-msa-0009.png,335,67,482,352,H
H-msa-0010.png,314,62,463,340,H
H-msb-0001.png,296,52,464,388,H
H-msb-0002.png,381,43,541,353,H
H-msb-0003.png,280,46,452,394,H
H-msb-0004.png,280,31,448,388,H
H-msb-0005.png,267,63,420,392,H
H-msb-0006.png,279,46,450,394,H
H-msb-0007.png,302,15,465,357,H
H-msb-0008.png,229,10,447,468,H
H-msb-0009.png,274,36,448,389,H
H-msb-0010.png,280,46,452,390,H
H-psa-0001.png,72,117,282,411,H
H-psa-0002.png,134,150,301,432,H
H-psa-0003.png,43,34,334,354,H
H-psa-0004.png,143,163,336,442,H
H-psa-0005.png,131,120,348,410,H
H-psa-0006.png,158,176,320,459,H
H-psa-0007.png,89,48,336,432,H
H-psa-0008.png,111,77,333,395,H
H-psa-0009.png,161,176,318,463,H
H-psa-0010.png,85,102,300,401,H
H-rha-0001.png,224,59,423,426,H
H-rha-0002.png,224,161,437,469,H
H-rha-0003.png,221,59,418,426,H
H-rha-0004.png,229,73,424,458,H
H-rha-0005.png,220,57,416,421,H
H-rha-0006.png,226,68,415,426,H
H-rha-0007.png,227,145,429,464,H
H-rha-0008.png,231,78,422,458,H
H-rha-0009.png,221,55,420,421,H
H-rha-0010.png,217,57,415,421,H
H-rsa-0001.png,314,160,448,378,H
H-rsa-0002.png,302,145,428,368,H
H-rsa-0003.png,247,142,382,394,H
H-rsa-0004.png,301,159,437,383,H
H-rsa-0005.png,310,165,439,368,H
H-rsa-0006.png,323,149,455,383,H
H-rsa-0007.png,343,165,467,383,H
H-rsa-0008.png,314,165,444,368,H
H-rsa-0009.png,332,166,459,388,H
H-rsa-0010.png,253,145,386,394,H
H-sta-0001.png,189,98,301,342,H
H-sta-0002.png,241,129,327,305,H
H-sta-0003.png,161,134,277,353,H
H-sta-0004.png,204,82,323,295,H
H-sta-0005.png,232,121,317,295,H
H-sta-0006.png,178,134,282,353,H
H-sta-0007.png,222,110,312,294,H
H-sta-0008.png,173,129,278,353,H
H-sta-0009.png,213,103,303,259,H
H-sta-0010.png,257,142,340,300,H
H-vka-0001.png,331,92,496,331,H
H-vka-0002.png,343,71,485,316,H
H-vka-0003.png,315,61,454,295,H
H-vka-0004.png,266,119,399,348,H
H-vka-0005.png,358,87,519,336,H
H-vka-0006.png,226,103,387,373,H
H-vka-0007.png,372,70,531,311,H
H-vka-0008.png,280,109,414,373,H
H-vka-0009.png,319,82,484,316,H
H-vka-0010.png,340,82,502,331,H
H-vkb-0001.png,287,97,497,479,H
H-vkb-0002.png,278,68,467,431,H
H-vkb-0003.png,282,31,487,463,H
H-vkb-0004.png,304,57,489,447,H
H-vkb-0005.png,284,91,497,479,H
H-vkb-0006.png,298,68,479,447,H
H-vkb-0007.png,248,94,439,441,H
H-vkb-0008.png,327,97,540,441,H
H-vkb-0009.png,324,73,511,474,H
H-vkb-0010.png,300,68,475,447,H
H-xla-0001.png,323,124,502,415,H
H-xla-0002.png,252,114,450,409,H
H-xla-0003.png,222,161,421,458,H
H-xla-0004.png,205,42,430,373,H
H-xla-0005.png,132,104,341,416,H
H-xla-0006.png,194,52,391,352,H
H-xla-0007.png,252,158,449,432,H
H-xla-0008.png,315,116,487,415,H
H-xla-0009.png,191,47,408,368,H
H-xla-0010.png,300,96,480,394,H
H-zba-0001.png,326,160,496,442,H
H-zba-0002.png,463,158,629,387,H
H-zba-0003.png,404,102,559,368,H
H-zba-0004.png,399,108,558,395,H
H-zba-0005.png,388,150,528,400,H
H-zba-0006.png,332,155,497,437,H
H-zba-0007.png,399,107,559,389,H
H-zba-0008.png,388,154,528,394,H
H-zba-0009.png,452,180,597,434,H
H-zba-0010.png,394,108,555,389,H
I-ima-0001.png,228,63,485,473,I
I-ima-0002.png,172,46,435,479,I
I-ima-0003.png,155,17,418,438,I
I-ima-0004.png,186,45,441,463,I
I-ima-0005.png,159,23,415,420,I
I-ima-0006.png,184,41,431,461,I
I-ima-0007.png,210,52,465,446,I
I-ima-0008.png,188,57,445,479,I
I-ima-0009.png,189,52,433,479,I
I-ima-0010.png,235,52,485,473,I
I-jha-0001.png,377,71,475,228,I
I-jha-0002.png,412,54,513,192,I
I-jha-0003.png,410,56,508,192,I
I-jha-0004.png,381,86,479,228,I
I-jha-0005.png,384,65,486,218,I
I-jha-0006.png,381,81,475,228,I
I-jha-0007.png,412,60,508,197,I
I-jha-0008.png,386,82,486,238,I
I-jha-0009.png,409,54,508,192,I
I-jha-0010.png,386,65,487,218,I
I-jhb-0001.png,248,176,388,394,I
I-jhb-0002.png,240,155,392,373,I
I-jhb-0003.png,282,217,425,444,I
I-jhb-0004.png,341,155,483,383,I
I-jhb-0005.png,255,160,401,378,I
I-jhb-0006.png,304,171,455,425,I
I-jhb-0007.png,326,160,468,383,I
I-jhb-0008.png,357,169,492,388,I
I-jhb-0009.png,327,129,467,377,I
I-jhb-0010.png,341,155,487,399,I
I-jya-0001.png,330,82,439,265,I
I-jya-0002.png,363,97,460,285,I
I-jya-0003.png,383,98,480,285,I
I-jya-0004.png,355,103,460,291,I
I-jya-0005.png,358,75,455,269,I
I-jya-0006.png,350,108,459,295,I
I-jya-0007.png,358,97,460,282,I
I-jya-0008.png,362,139,465,318,I
I-jya-0009.png,369,93,471,283,I
I-jya-0010.png,337,82,444,264,I
I-mka-0001.png,258,114,432,341,I
I-mka-0002.png,313,124,463,353,I
I-mka-0003.png,365,98,524,336,I
I-mka-0004.png,294,98,448,328,I
I-mka-0005.png,265,135,426,354,I
I-mka-0006.png,266,109,438,323,I
I-mka-0007.png,301,124,458,363,I
I-mka-0008.png,307,104,448,341,I
I-mka-0009.png,337,114,479,346,I
I-mka-0010.png,250,130,427,340,I
I-mkb-0001.png,397,129,541,378,I
I-mkb-0002.png,411,139,538,358,I
I-mkb-0003.png,406,145,533,358,I
I-mkb-0004.png,438,158,572,357,I
I-mkb-0005.png,357,104,508,357,I
I-mkb-0006.png,410,119,558,352,I
I-mkb-0007.png,413,127,557,342,I
I-mkb-0008.png,354,99,503,342,I
I-mkb-0009.png,358,119,509,357,I
I-mkb-0010.png,415,139,555,358,I
I-mma-0001.png,145,93,341,396,I
I-mma-0002.png,106,40,373,396,I
I-mma-0003.png,86,144,279,429,I
I-mma-0004.png,136,103,342,395,I
I-mma-0005.png,135,98,343,404,I
I-mma-0006.png,153,114,326,395,I
I-mma-0007.png,167,140,311,404,I
I-mma-0008.png,139,99,340,396,I
I-mma-0009.png,147,103,331,413,I
I-mma-0010.png,154,90,325,354,I
I-mmb-0001.png,153,79,325,378,I
I-mmb-0002.png,149,99,329,422,I
I-mmb-0003.png,144,62,335,407,I
I-mmb-0004.png,157,105,322,365,I
I-mmb-0005.png,144,45,334,381,I
I-mmb-0006.png,145,70,333,387,I
I-mmb-0007.png,165,150,314,420,I
I-mmb-0008.png,147,106,332,431,I
I-mmb-0009.png,129,41,349,422,I
I-mmb-0010.png,132,99,346,429,I
I-mmc-0001.png,187,155,343,421,I
I-mmc-0002.png,214,156,403,479,I
I-mmc-0003.png,154,179,320,437,I
I-mmc-0004.png,165,101,311,347,I
I-mmc-0005.png,40,88,248,436,I
I-mmc-0006.png,186,155,388,410,I
I-mmc-0007.png,228,106,470,452,I
I-mmc-0008.png,215,171,402,476,I
I-mmc-0009.png,150,169,353,462,I
I-mmc-0010.png,235,166,395,432,I
I-mmd-0001.png,202,155,352,431,I
I-mmd-0002.png,215,165,347,373,I
I-mmd-0003.png,216,155,335,384,I
I-mmd-0004.png,232,129,372,383,I
I-mmd-0005.png,184,149,370,432,I
I-mmd-0006.png,183,180,351,437,I
I-mmd-0007.png,196,149,342,352,I
I-mmd-0008.png,213,160,352,378,I
I-mmd-0009.png,210,165,345,384,I
I-mmd-0010.png,200,155,355,398,I
I-msa-0001.png,220,93,404,385,I
I-msa-0002.png,251,99,467,386,I
I-msa-0003.png,251,104,460,399,I
I-msa-0004.png,205,103,384,378,I
I-msa-0005.png,235,88,451,382,I
I-msa-0006.png,221,88,407,357,I
I-msa-0007.png,235,99,449,404,I
I-msa-0008.png,207,84,381,357,I
I-msa-0009.png,251,99,461,399,I
I-msa-0010.png,218,98,405,393,I
I-msb-0001.png,244,83,418,378,I
I-msb-0002.png,232,77,413,363,I
I-msb-0003.png,243,41,413,319,I
I-msb-0004.png,252,72,416,337,I
I-msb-0005.png,254,46,415,332,I
I-msb-0006.png,238,72,408,368,I
I-msb-0007.png,238,72,413,368,I
I-msb-0008.png,237,83,412,368,I
I-msb-0009.png,253,72,411,363,I
I-msb-0010.png,236,73,411,368,I
I-psa-0001.png,65,53,326,403,I
I-psa-0002.png,125,36,353,404,I
I-psa-0003.png,105,66,336,414,I
I-psa-0004.png,127,26,352,420,I
I-psa-0005.png,172,193,308,407,I
I-psa-0006.png,98,175,304,425,I
I-psa-0007.png,98,89,317,387,I
I-psa-0008.png,85,44,361,434,I
I-psa-0009.png,139,113,330,373,I
I-psa-0010.png,68,55,318,418,I
I-rha-0001.png,195,36,449,447,I
I-rha-0002.png,264,109,464,425,I
I-rha-0003.png,270,52,497,372,I
I-rha-0004.png,249,52,489,402,I
I-rha-0005.png,197,83,486,479,I
I-rha-0006.png,194,37,451,447,I
I-rha-0007.png,248,125,448,447,I
I-rha-0008.png,238,125,449,463,I
I-rha-0009.png,311,58,556,403,I
I-rha-0010.png,186,63,460,479,I
I-rsa-0001.png,334,181,458,404,I
I-rsa-0002.png,250,139,374,341,I
I-rsa-0003.png,244,119,387,336,I
I-rsa-0004.png,306,165,443,379,I
I-rsa-0005.png,248,130,417,381,I
I-rsa-0006.png,302,160,436,365,I
I-rsa-0007.png,241,142,397,399,I
I-rsa-0008.png,383,206,495,379,I
I-rsa-0009.png,265,140,395,348,I
I-rsa-0010.png,312,165,443,392,I
I-sta-0001.png,347,139,433,316,I
I-sta-0002.png,274,98,373,290,I
I-sta-0003.png,343,13,471,234,I
I-sta-0004.png,360,40,474,244,I
I-sta-0005.png,330,72,450,275,I
I-sta-0006.png,349,35,467,249,I
I-sta-0007.png,331,135,417,300,I
I-sta-0008.png,304,39,431,243,I
I-sta-0009.png,347,144,430,316,I
I-sta-0010.png,263,118,359,274,I
I-vka-0001.png,214,103,355,305,I
I-vka-0002.png,140,143,319,342,I
I-vka-0003.png,262,82,384,285,I
I-vka-0004.png,261,108,394,303,I
I-vka-0005.png,184,107,328,321,I
I-vka-0006.png,251,108,393,326,I
I-vka-0007.png,151,123,299,315,I
I-vka-0008.png,284,102,412,307,I
I-vka-0009.png,201,118,351,316,I
I-vka-0010.png,204,108,348,300,I
I-vkb-0001.png,277,115,467,415,I
I-vkb-0002.png,291,130,473,411,I
I-vkb-0003.png,233,104,420,383,I
I-vkb-0004.png,231,101,419,391,I
I-vkb-0005.png,288,147,463,417,I
I-vkb-0006.png,307,140,471,394,I
I-vkb-0007.png,253,89,433,370,I
I-vkb-0008.png,277,166,444,452,I
I-vkb-0009.png,271,166,444,452,I
I-vkb-0010.png,302,140,473,399,I
I-xla-0001.png,204,109,412,365,I
I-xla-0002.png,204,188,353,437,I
I-xla-0003.png,169,112,315,326,I
I-xla-0004.png,162,86,344,326,I
I-xla-0005.png,282,114,445,379,I
I-xla-0006.png,280,114,444,394,I
I-xla-0007.png,204,105,407,363,I
I-xla-0008.png,145,91,336,390,I
I-xla-0009.png,160,84,333,316,I
I-xla-0010.png,216,105,424,368,I
I-zba-0001.png,275,201,412,415,I
I-zba-0002.png,195,289,356,462,I
I-zba-0003.png,402,172,539,394,I
I-zba-0004.png,296,176,433,410,I
I-zba-0005.png,328,126,458,316,I
I-zba-0006.png,418,170,554,384,I
I-zba-0007.png,221,288,380,479,I
I-zba-0008.png,316,145,444,331,I
I-zba-0009.png,319,106,452,326,I
I-zba-0010.png,318,103,450,331,I
J-ima-0001.png,134,14,372,479,J
J-ima-0002.png,158,17,378,479,J
J-ima-0003.png,184,47,431,479,J
J-ima-0004.png,220,25,436,463,J
J-ima-0005.png,262,67,450,447,J
J-ima-0006.png,284,15,517,476,J
J-ima-0007.png,262,67,455,440,J
J-ima-0008.png,185,47,431,479,J
J-ima-0009.png,262,67,449,448,J
J-ima-0010.png,278,9,516,479,J
J-jha-0001.png,339,89,422,233,J
J-jha-0002.png,381,86,449,274,J
J-jha-0003.png,385,70,470,244,J
J-jha-0004.png,342,49,429,230,J
J-jha-0005.png,355,92,428,269,J
J-jha-0006.png,343,49,429,228,J
J-jha-0007.png,362,86,438,269,J
J-jha-0008.png,340,22,430,192,J
J-jha-0009.png,382,75,466,238,J
J-jha-0010.png,344,87,429,269,J
J-jhb-0001.png,303,148,433,383,J
J-jhb-0002.png,313,155,432,420,J
J-jhb-0003.png,248,114,381,389,J
J-jhb-0004.png,315,145,443,378,J
J-jhb-0005.png,316,140,441,404,J
J-jhb-0006.png,321,145,443,388,J
J-jhb-0007.png,317,155,453,431,J
J-jhb-0008.png,304,145,430,383,J
J-jhb-0009.png,272,135,403,415,J
J-jhb-0010.png,330,142,458,420,J
J-jya-0001.png,382,42,473,258,J
J-jya-0002.png,366,81,450,300,J
J-jya-0003.png,375,81,461,300,J
J-jya-0004.png,414,69,516,277,J
J-jya-0005.png,345,42,445,259,J
J-jya-0006.png,395,53,496,269,J
J-jya-0007.png,348,97,440,300,J
J-jya-0008.png,415,52,550,269,J
J-jya-0009.png,371,82,456,300,J
J-jya-0010.png,366,34,458,259,J
J-mka-0001.png,293,103,409,346,J
J-mka-0002.png,204,124,329,388,J
J-mka-0003.png,176,122,307,386,J
J-mka-0004.png,284,87,402,342,J
J-mka-0005.png,304,108,414,339,J
J-mka-0006.png,293,103,409,346,J
J-mka-0007.png,312,108,429,347,J
J-mka-0008.png,296,82,429,334,J
J-mka-0009.png,182,129,308,373,J
J-mka-0010.png,297,108,414,347,J
J-mkb-0001.png,350,128,504,426,J
J-mkb-0002.png,404,23,549,321,J
J-mkb-0003.png,334,124,478,410,J
J-mkb-0004.png,338,130,486,436,J
J-mkb-0005.png,397,92,541,347,J
J-mkb-0006.png,342,124,488,426,J
J-mkb-0007.png,375,56,527,368,J
J-mkb-0008.png,331,125,482,420,J
J-mkb-0009.png,329,122,471,431,J
J-mkb-0010.png,384,34,530,321,J
J-mma-0001.png,167,165,312,458,J
J-mma-0002.png,161,141,318,431,J
J-mma-0003.png,166,94,312,390,J
J-mma-0004.png,100,103,379,413,J
J-mma-0005.png,167,119,311,393,J
J-mma-0006.png,164,181,314,452,J
J-mma-0007.png,167,86,312,411,J
J-mma-0008.png,136,52,343,436,J
J-mma-0009.png,143,91,336,430,J
J-mma-0010.png,149,78,329,409,J
J-mmb-0001.png,141,59,337,416,J
J-mmb-0002.png,168,51,311,357,J
J-mmb-0003.png,149,75,330,399,J
J-mmb-0004.png,153,93,325,390,J
J-mmb-0005.png,152,83,327,453,J
J-mmb-0006.png,109,96,274,401,J
J-mmb-0007.png,139,42,340,420,J
J-mmb-0008.png,147,68,331,435,J
J-mmb-0009.png,139,41,339,399,J
J-mmb-0010.png,161,194,293,444,J
J-mmc-0001.png,309,115,513,468,J
J-mmc-0002.png,156,51,360,479,J
J-mmc-0003.png,355,104,525,452,J
J-mmc-0004.png,303,88,473,409,J
J-mmc-0005.png,305,94,503,479,J
J-mmc-0006.png,316,77,505,415,J
J-mmc-0007.png,377,40,575,453,J
J-mmc-0008.png,354,141,518,441,J
J-mmc-0009.png,328,196,425,409,J
J-mmc-0010.png,361,25,577,452,J
J-mmd-0001.png,296,46,426,357,J
J-mmd-0002.png,190,118,305,394,J
J-mmd-0003.png,201,98,317,394,J
J-mmd-0004.png,227,45,364,352,J
J-mmd-0005.png,251,165,349,436,J
J-mmd-0006.png,269,40,391,352,J
J-mmd-0007.png,186,113,301,359,J
J-mmd-0008.png,240,83,390,378,J
J-mmd-0009.png,200,103,309,389,J
J-mmd-0010.png,264,88,392,399,J
J-msa-0001.png,221,20,448,404,J
J-msa-0002.png,242,36,456,454,J
J-msa-0003.png,262,36,481,423,J
J-msa-0004.png,204,25,421,405,J
J-msa-0005.png,220,25,434,444,J
J-msa-0006.png,204,25,420,393,J
J-msa-0007.png,233,31,451,425,J
J-msa-0008.png,209,25,427,395,J
J-msa-0009.png,262,36,484,424,J
J-msa-0010.png,222,27,435,426,J
J-msb-0001.png,243,61,384,339,J
J-msb-0002.png,174,83,331,406,J
J-msb-0003.png,275,83,399,342,J
J-msb-0004.png,243,20,448,391,J
J-msb-0005.png,237,45,396,352,J
J-msb-0006.png,165,54,333,379,J
J-msb-0007.png,242,20,446,404,J
J-msb-0008.png,209,93,362,405,J
J-msb-0009.png,228,14,440,389,J
J-msb-0010.png,219,77,372,405,J
J-psa-0001.png,150,104,328,431,J
J-psa-0002.png,159,76,319,348,J
J-psa-0003.png,96,113,278,412,J
J-psa-0004.png,129,56,328,432,J
J-psa-0005.png,50,46,336,428,J
J-psa-0006.png,164,140,314,415,J
J-psa-0007.png,92,77,311,454,J
J-psa-0008.png,48,58,273,436,J
J-psa-0009.png,55,53,285,452,J
J-psa-0010.png,158,93,320,375,J
J-rha-0001.png,225,36,483,444,J
J-rha-0002.png,232,25,478,435,J
J-rha-0003.png,117,23,354,419,J
J-rha-0004.png,196,36,417,407,J
J-rha-0005.png,222,31,462,427,J
J-rha-0006.png,221,25,456,416,J
J-rha-0007.png,232,25,484,423,J
J-rha-0008.png,114,39,334,429,J
J-rha-0009.png,163,104,390,479,J
J-rha-0010.png,110,22,344,431,J
J-rsa-0001.png,295,129,432,394,J
J-rsa-0002.png,281,103,419,383,J
J-rsa-0003.png,290,124,429,388,J
J-rsa-0004.png,296,120,430,388,J
J-rsa-0005.png,339,151,466,383,J
J-rsa-0006.png,292,124,431,394,J
J-rsa-0007.png,257,86,407,368,J
J-rsa-0008.png,300,129,436,390,J
J-rsa-0009.png,294,129,427,373,J
J-rsa-0010.png,333,144,458,373,J
J-sta-0001.png,331,119,475,443,J
J-sta-0002.png,308,140,440,452,J
J-sta-0003.png,320,57,469,404,J
J-sta-0004.png,315,129,450,436,J
J-sta-0005.png,324,88,469,420,J
J-sta-0006.png,373,140,504,431,J
J-sta-0007.png,295,140,428,452,J
J-sta-0008.png,374,109,521,447,J
J-sta-0009.png,315,62,465,409,J
J-sta-0010.png,326,41,469,388,J
J-vka-0001.png,208,82,329,347,J
J-vka-0002.png,197,87,312,347,J
J-vka-0003.png,183,82,317,347,J
J-vka-0004.png,225,82,346,337,J
J-vka-0005.png,209,93,326,346,J
J-vka-0006.png,228,72,347,330,J
J-vka-0007.png,202,82,316,347,J
J-vka-0008.png,220,77,342,333,J
J-vka-0009.png,192,82,322,337,J
J-vka-0010.png,206,90,327,347,J
J-vkb-0001.png,263,105,433,452,J
J-vkb-0002.png,274,105,477,441,J
J-vkb-0003.png,288,63,459,427,J
J-vkb-0004.png,379,60,582,396,J
J-vkb-0005.png,350,88,548,442,J
J-vkb-0006.png,245,86,432,446,J
J-vkb-0007.png,284,82,498,447,J
J-vkb-0008.png,278,100,442,420,J
J-vkb-0009.png,232,89,422,452,J
J-vkb-0010.png,249,35,462,430,J
J-xla-0001.png,175,93,345,465,J
J-xla-0002.png,179,73,357,432,J
J-xla-0003.png,161,88,335,454,J
J-xla-0004.png,161,83,332,454,J
J-xla-0005.png,173,84,343,459,J
J-xla-0006.png,171,93,346,465,J
J-xla-0007.png,194,20,370,400,J
J-xla-0008.png,208,99,365,421,J
J-xla-0009.png,176,93,347,465,J
J-xla-0010.png,176,90,350,459,J
J-zba-0001.png,379,134,503,421,J
J-zba-0002.png,270,140,411,441,J
J-zba-0003.png,440,105,572,400,J
J-zba-0004.png,354,103,485,399,J
J-zba-0005.png,426,144,538,385,J
J-zba-0006.png,327,144,451,425,J
J-zba-0007.png,435,97,572,400,J
J-zba-0008.png,281,51,419,373,J
J-zba-0009.png,440,101,577,405,J
J-zba-0010.png,279,145,416,441,J
K-ima-0001.png,236,26,475,476,K
K-ima-0002.png,188,16,453,479,K
K-ima-0003.png,242,26,476,479,K
K-ima-0004.png,221,6,491,479,K
K-ima-0005.png,238,47,464,472,K
K-ima-0006.png,245,31,475,466,K
K-ima-0007.png,242,47,467,479,K
K-ima-0008.png,241,31,475,479,K
K-ima-0009.png,238,21,482,479,K
K-ima-0010.png,227,26,480,479,K
K-jha-0001.png,389,62,470,233,K
K-jha-0002.png,307,122,367,300,K
K-jha-0003.png,265,118,340,285,K
K-jha-0004.png,384,54,459,228,K
K-jha-0005.png,362,92,438,260,K
K-jha-0006.png,389,61,470,238,K
K-jha-0007.png,354,97,432,259,K
K-jha-0008.png,348,56,427,235,K
K-jha-0009.png,283,118,359,285,K
K-jha-0010.png,378,76,451,223,K
K-jhb-0001.png,263,171,400,436,K
K-jhb-0002.png,304,131,433,410,K
K-jhb-0003.png,293,129,433,379,K
K-jhb-0004.png,298,153,430,409,K
K-jhb-0005.png,266,171,396,431,K
K-jhb-0006.png,289,135,425,404,K
K-jhb-0007.png,237,119,384,406,K
K-jhb-0008.png,282,171,407,431,K
K-jhb-0009.png,266,176,398,431,K
K-jhb-0010.png,200,111,351,410,K
K-jya-0001.png,368,70,462,279,K
K-jya-0002.png,281,93,366,303,K
K-jya-0003.png,287,94,371,305,K
K-jya-0004.png,407,80,502,294,K
K-jya-0005.png,325,66,413,285,K
K-jya-0006.png,388,81,484,286,K
K-jya-0007.png,289,82,374,297,K
K-jya-0008.png,405,80,503,290,K
K-jya-0009.png,279,93,357,308,K
K-jya-0010.png,336,66,425,280,K
K-mka-0001.png,228,88,357,362,K
K-mka-0002.png,237,72,362,357,K
K-mka-0003.png,261,108,394,369,K
K-mka-0004.png,188,114,313,378,K
K-mka-0005.png,220,88,353,357,K
K-mka-0006.png,218,93,332,339,K
K-mka-0007.png,225,72,358,357,K
K-mka-0008.png,188,114,314,383,K
K-mka-0009.png,267,105,400,374,K
K-mka-0010.png,223,88,353,362,K
K-mkb-0001.png,266,31,456,399,K
K-mkb-0002.png,335,36,527,420,K
K-mkb-0003.png,358,62,542,400,K
K-mkb-0004.png,402,176,560,479,K
K-mkb-0005.png,388,131,550,437,K
K-mkb-0006.png,363,130,534,463,K
K-mkb-0007.png,336,31,524,421,K
K-mkb-0008.png,394,141,548,448,K
K-mkb-0009.png,372,135,539,431,K
K-mkb-0010.png,355,114,526,453,K
K-mma-0001.png,190,170,289,396,K
K-mma-0002.png,163,118,280,410,K
K-mma-0003.png,146,113,266,401,K
K-mma-0004.png,165,93,314,420,K
K-mma-0005.png,134,69,279,409,K
K-mma-0006.png,183,105,318,415,K
K-mma-0007.png,167,73,311,405,K
K-mma-0008.png,155,119,269,389,K
K-mma-0009.png,190,198,288,403,K
K-mma-0010.png,159,185,319,415,K
K-mmb-0001.png,158,56,320,419,K
K-mmb-0002.png,126,71,255,403,K
K-mmb-0003.png,184,106,294,387,K
K-mmb-0004.png,187,114,291,407,K
K-mmb-0005.png,170,46,308,420,K
K-mmb-0006.png,169,67,309,426,K
K-mmb-0007.png,156,71,282,387,K
K-mmb-0008.png,132,45,346,448,K
K-mmb-0009.png,171,93,318,443,K
K-mmb-0010.png,173,46,306,419,K
K-mmc-0001.png,302,191,414,425,K
K-mmc-0002.png,277,52,422,374,K
K-mmc-0003.png,266,92,392,408,K
K-mmc-0004.png,171,102,294,427,K
K-mmc-0005.png,273,125,366,372,K
K-mmc-0006.png,287,68,424,395,K
K-mmc-0007.png,235,88,343,352,K
K-mmc-0008.png,227,80,358,388,K
K-mmc-0009.png,224,78,366,413,K
K-mmc-0010.png,275,150,377,383,K
K-mmd-0001.png,207,119,312,405,K
K-mmd-0002.png,187,23,310,335,K
K-mmd-0003.png,195,87,320,384,K
K-mmd-0004.png,265,120,365,373,K
K-mmd-0005.png,209,87,332,372,K
K-mmd-0006.png,266,108,365,378,K
K-mmd-0007.png,195,55,325,341,K
K-mmd-0008.png,218,72,343,362,K
K-mmd-0009.png,202,77,330,384,K
K-mmd-0010.png,208,98,324,358,K
K-msa-0001.png,232,25,400,406,K
K-msa-0002.png,252,42,424,416,K
K-msa-0003.png,265,47,442,405,K
K-msa-0004.png,218,31,390,388,K
K-msa-0005.png,246,41,411,404,K
K-msa-0006.png,217,48,386,393,K
K-msa-0007.png,256,38,430,420,K
K-msa-0008.png,230,25,400,409,K
K-msa-0009.png,270,47,451,420,K
K-msa-0010.png,231,31,394,397,K
K-msb-0001.png,201,114,340,443,K
K-msb-0002.png,234,41,373,394,K
K-msb-0003.png,198,82,346,436,K
K-msb-0004.png,184,103,330,432,K
K-msb-0005.png,224,56,370,388,K
K-msb-0006.png,240,56,384,373,K
K-msb-0007.png,216,77,352,402,K
K-msb-0008.png,201,114,342,442,K
K-msb-0009.png,203,103,341,437,K
K-msb-0010.png,236,124,369,404,K
K-psa-0001.png,97,47,294,448,K
K-psa-0002.png,83,108,258,451,K
K-psa-0003.png,105,111,250,422,K
K-psa-0004.png,113,56,290,435,K
K-psa-0005.png,141,81,338,440,K
K-psa-0006.png,96,57,300,448,K
K-psa-0007.png,69,85,247,419,K
K-psa-0008.png,88,170,227,456,K
K-psa-0009.png,120,98,287,459,K
K-psa-0010.png,149,92,312,459,K
K-rha-0001.png,299,146,527,479,K
K-rha-0002.png,134,151,337,479,K
K-rha-0003.png,269,100,490,479,K
K-rha-0004.png,257,148,468,479,K
K-rha-0005.png,196,89,456,479,K
K-rha-0006.png,184,150,366,479,K
K-rha-0007.png,213,130,389,457,K
K-rha-0008.png,204,90,466,479,K
K-rha-0009.png,278,104,474,479,K
K-rha-0010.png,277,125,499,479,K
K-rsa-0001.png,271,145,385,394,K
K-rsa-0002.png,286,109,423,394,K
K-rsa-0003.png,309,160,416,404,K
K-rsa-0004.png,254,103,394,362,K
K-rsa-0005.png,288,112,420,388,K
K-rsa-0006.png,286,134,418,394,K
K-rsa-0007.png,288,103,424,388,K
K-rsa-0008.png,305,160,413,399,K
K-rsa-0009.png,272,150,385,404,K
K-rsa-0010.png,249,103,384,362,K
K-sta-0001.png,178,40,373,442,K
K-sta-0002.png,386,97,559,425,K
K-sta-0003.png,185,56,378,452,K
K-sta-0004.png,256,57,430,463,K
K-sta-0005.png,323,93,469,415,K
K-sta-0006.png,227,52,399,452,K
K-sta-0007.png,408,71,572,411,K
K-sta-0008.png,191,67,384,453,K
K-sta-0009.png,323,93,470,420,K
K-sta-0010.png,191,88,352,479,K
K-vka-0001.png,245,83,350,357,K
K-vka-0002.png,230,104,354,352,K
K-vka-0003.png,218,98,333,337,K
K-vka-0004.png,196,83,315,358,K
K-vka-0005.png,172,128,322,358,K
K-vka-0006.png,201,92,334,342,K
K-vka-0007.png,172,123,322,368,K
K-vka-0008.png,198,92,300,342,K
K-vka-0009.png,222,98,338,338,K
K-vka-0010.png,207,123,324,357,K
K-vkb-0001.png,237,88,386,431,K
K-vkb-0002.png,276,115,446,463,K
K-vkb-0003.png,215,84,395,424,K
K-vkb-0004.png,220,106,445,428,K
K-vkb-0005.png,237,84,387,442,K
K-vkb-0006.png,284,111,507,422,K
K-vkb-0007.png,295,128,420,404,K
K-vkb-0008.png,210,52,374,418,K
K-vkb-0009.png,208,115,430,479,K
K-vkb-0010.png,209,100,360,438,K
K-xla-0001.png,193,47,367,410,K
K-xla-0002.png,200,51,382,394,K
K-xla-0003.png,201,88,352,400,K
K-xla-0004.png,201,52,371,389,K
K-xla-0005.png,200,41,379,394,K
K-xla-0006.png,174,71,346,400,K
K-xla-0007.png,197,41,367,400,K
K-xla-0008.png,173,78,346,405,K
K-xla-0009.png,198,44,363,405,K
K-xla-0010.png,161,72,335,416,K
K-zba-0001.png,491,164,608,423,K
K-zba-0002.png,390,140,495,373,K
K-zba-0003.png,371,145,481,383,K
K-zba-0004.png,310,176,432,425,K
K-zba-0005.png,325,67,458,352,K
K-zba-0006.png,483,159,615,432,K
K-zba-0007.png,345,98,469,404,K
K-zba-0008.png,366,145,541,479,K
K-zba-0009.png,381,155,501,405,K
K-zba-0010.png,339,103,470,404,K
